time,cpu_index
432,222.1290909479527
433,244.6683198478087
434,277.22824628984756
