time,cpu_index
429,230.11345845304518
430,206.8051439436715
431,188.72745855788364
432,161.5052397477287
433,199.57154372242638
434,255.58655298465442
