time,cpu_index
429,141.9818905570437
430,227.24558435893573
431,234.31394355512984
432,278.2641072272823
433,272.46396085453694
434,348.00898163368834
