time,cpu_index
432,258.3848622769146
433,254.81088269182268
434,325.56604770823805
