time,cpu_index
432,299.009020979395
433,269.2286624600145
434,279.0897197143338
