time,cpu_index
429,179.1094058628158
430,201.60137035402087
431,232.14966425055178
432,293.4338384193047
433,190.08229751822253
434,310.56046504038795
