time,cpu_index
429,224.73541129009902
430,212.25582282435602
431,206.40246532899883
432,179.8719178347156
433,207.36757453008215
434,242.93625755549772
