time,cpu_index
432,219.6336187865454
433,234.90225649202614
434,262.55911686166604
