time,cpu_index
432,227.88434431235066
433,227.5861389342806
434,233.0537326535678
