time,cpu_index
429,233.02056036125614
430,233.8848051238635
431,215.82656301469783
432,236.89608413365454
433,215.7419065260601
434,243.6663807603066
