time,cpu_index
432,101.36005378776011
433,102.7944872864056
434,102.98741804907712
