time,cpu_index
429,99.75145194472489
430,101.14511333250194
431,101.2188354386741
432,101.76431251642585
433,101.68222677933967
434,102.26225002647627
