time,cpu_index
429,291.0499560772336
430,351.0303529349577
431,331.37862650351207
432,339.3575899502998
433,262.78183059925595
434,306.43757738105955
