time,cpu_index
432,354.2247166376278
433,269.8943934064355
434,287.56112087435605
