time,cpu_index
429,356.2523591920533
430,426.58049571148524
431,420.98478723080524
432,413.2031207249019
433,270.8669336852005
434,303.3614308836908
