time,cpu_index
432,368.3528113729486
433,289.22091845116535
434,353.3995208336113
