time,cpu_index
429,301.4702266777003
430,312.9188726164789
431,305.49567421374377
432,380.9018361739797
433,267.4085056232342
434,282.3375694245088
