time,cpu_index
432,273.52786375680876
433,231.02954875316388
434,274.4783896277866
