time,cpu_index
429,281.73526213604583
430,334.50518563694425
431,317.9097583521834
432,289.09429214317674
433,262.7136147006055
434,275.14582445308923
