time,cpu_index
432,295.29475775834567
433,252.59850545243108
434,273.76324257143835
