time,cpu_index
432,274.26015937093547
433,294.0167073283948
434,285.98257957284284
