time,cpu_index
429,242.92077253409963
430,250.72066674743374
431,269.73797007194355
432,296.59615158814836
433,320.6296397335851
434,310.8154329285199
