time,cpu_index
432,127.2115067117354
433,128.13210076832328
434,129.24851841439053
