time,cpu_index
429,124.63305956127158
430,125.5666088722484
431,126.52655753169658
432,126.41729454591933
433,126.98963844533854
434,126.64818275196082
